序列编号,病灶,影像工具,影像结果,自定义内容,分类
1.2.840.113619.2.55.3.34211586.681.1440405203.239.4,ANNO3,CUBOID,"{""lesionId"":-1,""position"":[53.01546561477075,63.01546561477075,-0.9979351520353035,9.002064847964697,-106.25,-96.25]}",,1
1.2.840.113619.2.55.3.34211586.681.1440405203.239.4,ANNO3,CUBOID,"{""lesionId"":-1,""position"":[70.60623196336407,80.60623196336407,14.462658348755557,24.462658348755557,-153.125,-143.125]}",,6
1.2.840.113619.2.55.3.34211586.681.1440405203.239.4,ANNO3,CUBOID,"{""lesionId"":-1,""position"":[-36.272387808830004,-26.272387808830004,-40.93515990887764,-30.935159908877637,-135,-125]}",,4
1.2.840.113619.2.55.3.34211586.681.1440405203.239.4,ANNO3,CUBOID,"{""lesionId"":203,""position"":[-37.80384445190429,-13.682332668690535,-4.03537037163246,5.96462962836754,-83.75,-68.70660361576245]}",,2
1.2.840.113704.1.111.9216.1432713702.13,ANNO3,CUBOID,"{""lesionId"":193,""position"":[55.12116226590456,60.258785247802734,229.30492003039922,233.87049865722656,-226.899963,-216.899963]}",,5
1.2.840.113704.1.111.9216.1432713702.13,ANNO3,CUBOID,"{""lesionId"":194,""position"":[46.153034819128266,56.153034819128266,208.80939953400974,220.89166259765625,-202.6379203163214,-188.8898468017578]}",,1
1.2.840.113704.1.111.9216.1432713702.13,ANNO3,CUBOID,"{""lesionId"":204,""position"":[47.792486175855345,69.45315551757814,183.70757510134297,193.70757510134297,-120.9822264425527,-108.89996337890625]}",,1
1.2.840.113704.1.111.9216.1432713702.13,ANNO3,CUBOID,"{""lesionId"":-1,""position"":[37.5781495184702,47.5781495184702,199.26926772751716,209.26926772751716,-187.8142326051601,-177.8142326051601]}",,4
