"用户手机号","用户姓名","影像结果编号","检查编号","序列编号","开始时间","提交时间","自定义内容","阴阳性","病灶","影像工具","影像结果类型","影像结果","分类"
"13472466656","刘凯","193","1.2.124.113532.58911.5035.4019.20150527.134413.242807388","1.2.840.113704.1.111.9216.1432713702.13","2020-01-22 11:33:19","2020-02-24 07:12:35",,"","ANNO3","CUBOID","2","{""lesionId"":193,""position"":[55.12116226590456,60.258785247802734,229.30492003039922,233.87049865722656,-226.899963,-216.899963]}","5"
"13472466656","刘凯","194","1.2.124.113532.58911.5035.4019.20150527.134413.242807388","1.2.840.113704.1.111.9216.1432713702.13","2020-01-22 11:33:19","2020-02-24 07:12:35",,"","ANNO3","CUBOID","2","{""lesionId"":194,""position"":[46.153034819128266,56.153034819128266,208.80939953400974,220.89166259765625,-202.6379203163214,-188.8898468017578]}","1"
"13472466656","刘凯","202","1.2.124.113532.58911.5035.4019.20150828.151235.754518375","1.2.840.113619.2.55.3.34211586.681.1440405203.239.4","2020-02-24 07:12:35","2020-02-24 07:15:36",,"","ANNO3","CUBOID","2","{""lesionId"":-1,""position"":[53.01546561477075,63.01546561477075,-0.9979351520353035,9.002064847964697,-106.25,-96.25]}","1"
"13472466656","刘凯","203","1.2.124.113532.58911.5035.4019.20150828.151235.754518375","1.2.840.113619.2.55.3.34211586.681.1440405203.239.4","2020-02-24 07:12:35","2020-02-24 07:15:36",,"","ANNO3","CUBOID","2","{""lesionId"":203,""position"":[-37.80384445190429,-13.682332668690535,-4.03537037163246,5.96462962836754,-83.75,-68.70660361576245]}","2"
"13386020271","郭晓","204","1.2.124.113532.58911.5035.4019.20150527.134413.242807388","1.2.840.113704.1.111.9216.1432713702.13","2020-02-24 07:39:22","2020-02-24 07:42:01",,"","ANNO3","CUBOID","2","{""lesionId"":204,""position"":[47.792486175855345,69.45315551757814,183.70757510134297,193.70757510134297,-120.9822264425527,-108.89996337890625]}","1"
"13386020271","郭晓","205","1.2.124.113532.58911.5035.4019.20150527.134413.242807388","1.2.840.113704.1.111.9216.1432713702.13","2020-02-24 07:39:22","2020-02-24 07:42:01",,"","ANNO3","CUBOID","2","{""lesionId"":-1,""position"":[37.5781495184702,47.5781495184702,199.26926772751716,209.26926772751716,-187.8142326051601,-177.8142326051601]}","4"
"13386020271","郭晓","206","1.2.124.113532.58911.5035.4019.20150828.151235.754518375","1.2.840.113619.2.55.3.34211586.681.1440405203.239.4","2020-02-24 07:42:01","2020-02-24 07:43:26",,"","ANNO3","CUBOID","2","{""lesionId"":-1,""position"":[70.60623196336407,80.60623196336407,14.462658348755557,24.462658348755557,-153.125,-143.125]}","6"
"13386020271","郭晓","207","1.2.124.113532.58911.5035.4019.20150828.151235.754518375","1.2.840.113619.2.55.3.34211586.681.1440405203.239.4","2020-02-24 07:42:01","2020-02-24 07:43:26",,"","ANNO3","CUBOID","2","{""lesionId"":-1,""position"":[-36.272387808830004,-26.272387808830004,-40.93515990887764,-30.935159908877637,-135,-125]}","4"
